地區,名稱,郵遞區號,地址,X座標,Y座標
海巡署艦隊分署,第1海巡隊,20248,基隆市中正路249號,121.761581,25.144291
海巡署艦隊分署,第2海巡隊,25155,新北市淡水區觀海路251號,121.408762,25.184337
海巡署艦隊分署,第3海巡隊,43650,台中市清水區北堤路1-2號,120.539022,24.289952
海巡署艦隊分署,第4海巡隊,70259,台南市南區鯤鯓路601號,120.164504,22.966378
海巡署艦隊分署,第5海巡隊,80544,高雄市旗津區北汕巷50-72號,120.289233,22.587914
海巡署艦隊分署,第6海巡隊,97060,花蓮市順興路43號,121.628193,23.991983
海巡署艦隊分署,第7海巡隊,27046,宜蘭縣蘇澳鎮港區路7之1號,121.58511,24.595913
海巡署艦隊分署,第8海巡隊,88056,澎湖縣馬公市大案山里19鄰大案山200號,119.573302,23.563267
海巡署艦隊分署,第9海巡隊,89141,金門縣金湖鎮料羅港1號,118.436297,24.411066
海巡署艦隊分署,第10海巡隊,20941,連江縣南竿鄉福沃村8鄰138號,119.939562,23.154435
海巡署艦隊分署,分署本部,25155,新北市淡水區中正路1段63巷20號,121.55945,24.994978
海巡署艦隊分署,第12海巡隊,30057,新竹市新港南路99號,120.920021,24.845985
海巡署艦隊分署,第13海巡隊,62541,嘉義縣布袋鎮順安路79巷2號,120.156177,23.379983
海巡署艦隊分署,第14海巡隊,94645,屏東縣恆春鎮後壁湖路96巷67號,120.742674,21.945012
海巡署艦隊分署,第15海巡隊,95057,台東市富岡街296之1號,121.191549,22.791847
海巡署艦隊分署,第16海巡隊,22844,新北市貢寮區新港街128號,121.926801,25.056084
海巡署艦隊分署,直屬船隊,85243,高雄市茄萣區崎漏里正遠路1號,120.202496,22.868787
海巡署艦隊分署,北部地區機動海巡隊,24941,新北市八里區廈竹圍7-9號,121.38605,25.152216
海巡署艦隊分署,中部地區機動海巡隊,43650,台中市清水區北堤路1-3號,120.523923,24.292395
海巡署艦隊分署,南部地區機動海巡隊,80444,高雄市鼓山區蓬萊路32號,120.279336,22.620377
海巡署艦隊分署,東部地區機動海巡隊,97048,花蓮縣花蓮市北濱街31號,121.614489,23.97458
海巡署北部分署,清水安檢所,26846,宜蘭縣五結鄉季新村季水路93號,121.83565,24.6927
海巡署北部分署,蘇澳安檢所,27042,宜蘭縣蘇澳鎮港區路50號,121.86878,24.58655
海巡署北部分署,南興安檢所,27043,宜蘭縣蘇澳鎮跨港路156號,121.86644,24.5858
海巡署北部分署,粉鳥林安檢所,27091,宜蘭縣蘇澳鎮東澳里粉鳥林1號,121.84212,24.49776
海巡署北部分署,南澳漁港安檢所,27095,宜蘭縣蘇澳鎮朝陽里朝陽路1-1號,121.81955,24.46158
海巡署北部分署,大里安檢所,26145,宜蘭縣頭城鎮大里里大里路115之4號,121.92156,24.96336
海巡署北部分署,大溪漁港安檢所,26145,宜蘭縣頭城鎮大溪里濱海路5段492號,121.90329,24.94247
海巡署北部分署,梗枋安檢所,26144,宜蘭縣頭城鎮更新里濱海路三段292號,121.8703,24.90748
海巡署北部分署,大福村安檢所,26341,宜蘭縣壯圍鄉大福村壯濱路6段156巷7號,121.81799,24.79578
海巡署北部分署,龜山島安檢所,26145,宜蘭縣頭城鎮龜山鄉龜山村龜山路1號,121.9438,24.84368
海巡署北部分署,烏石漁港安檢所,26143,宜蘭縣頭城鎮港口里港墘路300號,121.83444,24.86291
海巡署北部分署,第一(岳明)機動巡邏站,27047,宜蘭縣蘇澳鎮港邊里4鄰嶺腳路71-2號,121.85342,24.61343
海巡署北部分署,第二(合興)機動巡邏站,26145,宜蘭縣頭城鎮合興里濱海路4段50號,121.88319,24.91795
海巡署北部分署,南雅漁港安檢所,22451,新北市瑞芳區南雅里南雅路89號之8,121.88684,25.12154
海巡署北部分署,鼻頭安檢所,22451,新北市瑞芳區鼻頭里鼻頭路97號之1,121.91608,25.1243
海巡署北部分署,龍洞安檢所,22842,新北市貢寮區龍洞街35-6號,121.91338,25.1165
海巡署北部分署,澳底漁港安檢所,22844,新北市貢寮區真理里新港街122號,121.92746,25.05799
海巡署北部分署,馬崗安檢所,22841,新北市貢寮區福連里馬崗街22號,122.00264,25.01414
海巡署北部分署,深澳安檢所,22447,新北市瑞芳區深澳路189-9號,121.82079,25.13479
海巡署北部分署,長潭里安檢所,20248,基隆市中正區北寧路369巷66號,121.80138,25.14141
海巡署北部分署,八斗子安檢所,20248,基隆市中正區漁港一街9號,121.79151,25.14568
海巡署北部分署,碧砂漁港安檢所,20248,基隆市中正區北寧路213-20號,121.78735,25.14604
海巡署北部分署,正濱漁港安檢所,20246,基隆市中正區和一路232號,121.7627,25.15526
海巡署北部分署,基隆商港安檢所,20248,基隆市中正區中正路249號,121.76134,25.14467
海巡署北部分署,外木山安檢所,20345,基隆市中山區協和街211-3號,121.73399,25.16085
海巡署北部分署,大武崙漁港安檢所,20446,基隆市安樂區湖海路2段186號,121.70695,25.16687
海巡署北部分署,基隆嶼安檢所,20248,基隆市中正區基隆嶼8號,121.78438,25.19122
海巡署北部分署,彭佳嶼機動巡邏站,20248,基隆市中正區彭佳嶼10號,121.7704,25.16249
海巡署北部分署,萬里漁港安檢所,20745,新北市萬里區獅頭路15-3號,121.69782,25.18153
海巡署北部分署,龜吼漁港安檢所,20744,新北市萬里區翡翠里漁澳路85-3號,121.68895,25.19723
海巡署北部分署,野柳安檢所,20744,新北市萬里區野柳里港東路72-2號,121.68812,25.20535
海巡署北部分署,磺港安檢所,20844,新北市金山區磺港路24-5號,121.64981,25.23038
海巡署北部分署,石門安檢所,25343,新北市石門區中央路37-1號,121.56857,25.29955
海巡署北部分署,富基漁港安檢所,25342,新北市石門區楓林路15-1號,121.53466,25.29454
海巡署北部分署,第一(金山)機動巡邏站,20741,新北市萬里區大鵬里加投路301之6號,121.64655,25.22081
海巡署北部分署,第二(福隆)機動巡邏站,22841,新北市貢寮區福隆里東興街2號,121.95238,25.02152
海巡署北部分署,麟山鼻安檢所,25341,新北市石門區德茂里1鄰下員坑15-15號,121.51065,25.28442
海巡署北部分署,後厝安檢所,25242,新北市三芝區錫板里海尾14-34號,121.47531,25.25748
海巡署北部分署,淡水第二漁港安檢所,25155,新北市淡水區觀海路251號,121.40879,25.18471
海巡署北部分署,台北商港安檢所,24941,新北市八里區廈竹圍7之9號,121.39082,25.15151
海巡署北部分署,下罟子安檢所,24941,新北市八里區下罟子街2鄰16-9號,121.38084,25.14225
海巡署北部分署,下福安檢所,24442,新北市林口區下福里10鄰135號,121.29582,25.1217
海巡署北部分署,竹圍安檢所,33748,桃園市大園區沙崙里漁港路537巷10號,121.2429,25.11815
海巡署北部分署,永安漁港安檢所,32744,桃園市新屋區新港路36號,121.01628,24.99002
海巡署北部分署,蚵二安檢所,32745,桃園市新屋區蚵殼港56號,120.98692,24.93985
海巡署北部分署,坡頭漁港安檢所,30446,新竹縣新豐鄉坡頭村1鄰2之3-14號,120.97429,24.92644
海巡署北部分署,新港里安檢所,30263,新竹縣竹北市新港里10鄰10號,120.93831,24.85295
海巡署北部分署,新竹安檢所,30058,新竹市新港南路101號,120.91966,24.84904
海巡署北部分署,海山安檢所,30094,新竹市香山區海山港路26號,120.90586,24.76449
海巡署北部分署,第二(尚義)機動巡邏站,30287,新竹縣竹北市尚義里15鄰尚義街125號,120.95522,24.89709
海巡署北部分署,第一(竹圍)機動巡邏站,33748,桃園市大園區西濱路一段78巷58號,121.24004,25.11294
海巡署中部分署,龍鳳安檢所,350,苗栗縣竹南鎮龍鳳里龍江街359巷5號,120.85912,27.7008
海巡署中部分署,塭仔頭安檢所,350,苗栗縣竹南鎮港墘里塭仔頭28之6號,120.84353,24.66758
海巡署中部分署,外埔安檢所,356,苗栗縣後龍鎮海埔里8鄰125-15號,120.77224,24.6493
海巡署中部分署,公司寮安檢所,356,苗栗縣後龍鎮龍津里公司寮1-3號,120.75707,24.61336
海巡署中部分署,白沙屯安檢所,357,苗栗縣通霄鎮白東里5-1號,120.70726,24.57222
海巡署中部分署,通霄安檢所,357,苗栗縣通霄鎮通霄里漁港路69號,120.67409,24.4997
海巡署中部分署,苑裡安檢所,358,苗栗縣苑裡鎮海岸里36-6號,120.63388,24.44766
海巡署中部分署,松柏港安檢所,437,台中市大甲區順帆路233號,120.61732,24.42892
海巡署中部分署,溫寮安檢所,439,台中市大安區中山北路一巷53號,120.58371,24.37246
海巡署中部分署,梧棲安檢所,436,台中市清水區北堤路21號,120.51768,24.2935
海巡署中部分署,台中商港安檢所,436,臺中市清水區北四路168號,120.53802,24.2886
海巡署中部分署,麗水安檢所,434,台中市龍井區麗水里10鄰三港路水里港巷61-5號,120.4954,24.20013
海巡署中部分署,防潮門安檢所,509,彰化縣伸港鄉全興村西全路167巷111之1,120.48723,24.18387
海巡署中部分署,塭仔安檢所,507,彰化縣線西鄉塭仔村漁港路1236號,120.43835,24.12599
海巡署中部分署,崙尾灣安檢所,505,彰化縣鹿港鎮顏厝小段530-17地號,120.41809,24.08062
海巡署中部分署,王功安檢所,528,彰化縣芳苑鄉王功村漁港路968號,120.32553,23.9684
海巡署中部分署,芳苑安檢所,528,彰化縣芳苑鄉芳中村光明路80號,120.31507,23.92875
海巡署中部分署,三豐安檢所,527,彰化縣大城鄉三豐村和平路30之1號,120.28968,23.88257
海巡署中部分署,第一機動巡邏站(鹿港),50549,彰化縣鹿港鎮新宮里媽祖路39號,120.42557,24.05796
海巡署中部分署,第二機動巡邏站(中港),43964,臺中市大安區五甲北路10巷100號,120.59373,24.4025
海巡署中部分署,第三機動巡邏站(龍港),35668,苗栗縣後龍鎮龍津里87之5號,120.74406,24.66216
海巡署中部分署,許厝寮安檢所,638,雲林縣麥寮鄉台塑工業園區4號,120.22636,23.81846
海巡署中部分署,麥寮工業港安檢所,638,雲林縣麥寮鄉三盛村台塑工業園區1號,120.16709,23.76658
海巡署中部分署,蚊港安檢所,636,雲林縣台西鄉新興海埔地1路12號,120.18021,23.75519
海巡署中部分署,五條港安檢所,636,雲林縣台西鄉五港村中央路1000號,120.17183,23.72214
海巡署中部分署,台西安檢所,636,雲林縣台西鄉台興段251號,120.1983,23.70438
海巡署中部分署,三條崙安檢所,654,雲林縣四湖鄉海清路299-1號,120.15096,23.65904
海巡署中部分署,箔子寮安檢所,653,雲林縣口湖鄉下崙村漁港路370號,120.13995,23.61947
海巡署中部分署,金湖安檢所,653,雲林縣口湖鄉港溪村養漁路100號,120.14748,23.57512
海巡署中部分署,台子村安檢所,653,雲林縣口湖鄉台興路260號,120.13988,23.5608
海巡署中部分署,下湖口安檢所,653,雲林縣口湖鄉湖口村湖口250號,120.15021,23.53421
海巡署中部分署,副瀨安檢所,614,嘉義縣東石鄉副瀨村副瀨87-26號,120.16918,23.49223
海巡署中部分署,型厝安檢所,614,嘉義縣東石鄉型厝村型厝安檢所,120.14772,23.47547
海巡署中部分署,塭港安檢所,614,嘉義縣東石鄉塭港村19 鄰52之50 號,120.14665,23.466
海巡署中部分署,東石安檢所,614,嘉義縣東石鄉東石村觀海一路161號,120.13963,23.45248
海巡署中部分署,網寮安檢所,614,嘉義縣東石鄉網寮村59-10號,120.14845,23.43846
海巡署中部分署,白水湖安檢所,614,嘉義縣東石鄉掌潭村白水湖63-1號,120.15698,23.43982
海巡署中部分署,布袋安檢所,625,嘉義縣布袋鎮興中里後寮路202號,120.15472,23.3883
海巡署中部分署,布袋商港安檢所,625,嘉義縣布袋鎮岑海里海興街2號,120.1475,23.37762
海巡署中部分署,好美里安檢所,625,嘉義縣布袋鎮好美里虎尾寮169-1號,120.12624,23.34098
海巡署中部分署,第一機動巡邏站(麥寮),63801,雲林縣麥寮鄉台塑工業園區4號,120.1917,23.78812
海巡署中部分署,第二機動巡邏站(東石),61441,嘉義縣東石鄉彩霞大道400號,120.13361,23.45209
海巡署南部分署,柴山安檢所,80441,高雄市鼓山區柴山93-1號,120.25262,22.64556
海巡署南部分署,一港口安檢所,80444,高雄市鼓山區哨船街2-1號,120.26686,22.61774
海巡署南部分署,高雄商檢所、第二機動巡邏站(壽麓),80444,高雄市鼓山一路107號,120.27856,22.62749
海巡署南部分署,旗后安檢所,80541,高雄市旗津區海岸路28號,120.26797,22.6157
海巡署南部分署,中興商檢所,80544,高雄市旗津區北汕巷50-72號5樓,120.28595,22.59292
海巡署南部分署,中和安檢所,80546,高雄市旗津區旗津一路3號,120.31649,22.555
海巡署南部分署,第一機動巡邏站(鳳鼻頭),81261,高雄市小港區南星路107號,120.358,22.51344
海巡署南部分署,鳳鼻頭漁港安檢所,81264,高雄市小港區鳳鳴里16鄰南星路107號,120.35913,22.50905
海巡署南部分署,蚵寮漁港安檢所,72742,台南市北門區雙春里8鄰雙春73-20號,120.10246,23.31947
海巡署南部分署,蘆竹溝漁港安檢所,72744,台南市北門區三光里蘆竹溝372-15號,120.09544,23.23331
海巡署南部分署,第二機動巡邏站(文山),72744,台南市北門區文山里溪底寮55-5號,120.12953,23.24123
海巡署南部分署,將軍漁港安檢所,72549,台南市將軍區平沙里13鄰平沙150號,120.08394,23.21356
海巡署南部分署,青山漁港安檢所,72550,台南市將軍區鯤鯓里7鄰鯤鯓286-20號,120.07068,23.18531
海巡署南部分署,下山漁港安檢所,72447,台南市七股區龍山里210號,120.093,23.13849
海巡署南部分署,北堤安檢所,72453,台南市七股區海埔11-30號,120.05237,23.11378
海巡署南部分署,曾文溪安檢所,70956,台南市安南區城西街3段1070-10號,120.07782,23.05675
海巡署南部分署,四草漁港安檢所,70965,台南市安南區北汕尾一路439巷72弄656號,120.11167,23.02347
海巡署南部分署,鹿耳門安檢所,70955,台南巿安南區四草大道81巷401弄18號,120.12743,23.00672
海巡署南部分署,安平漁港安檢所,70841,台南市安平區安港路1號,120.14974,22.98924
海巡署南部分署,安平商港安檢所,70841,台南市安平區漁光路300號,120.15131,22.98814
海巡署南部分署,第一機動巡邏站(茄萣),85241,高雄市茄萣區萬福里福德路252號,120.18072,22.91371
海巡署南部分署,白砂崙安檢所,85241,高雄市茄萣區福德里白沙路475巷120號,120.18118,22.91541
海巡署南部分署,興達港安檢所,85243,高雄市茄萣區大發路1號,120.19487,22.86449
海巡署南部分署,崎漏安檢所,85243,高雄市茄萣區興達路1-10號,120.1965,22.86189
海巡署南部分署,永新漁港安檢所,82842,高雄市永安區新興路27號,120.20798,22.82139
海巡署南部分署,彌陀安檢所,82744,高雄市彌陀區南寮里漁港一街62號,120.23378,22.76208
海巡署南部分署,蚵子寮安檢所,82646,高雄市梓官區廣澤路100號,120.25315,22.72605
海巡署南部分署,港嘴安檢所,83243,高雄市林園區港嘴二路201號,120.38294,22.49266
海巡署南部分署,汕尾漁港安檢所,83244,高雄市林園區東汕里東汕路115號,120.41383,22.47829
海巡署南部分署,中芸安檢所,83244,高雄市林園區北汕里中正路42之4號,120.39928,22.48173
海巡署南部分署,東港安檢所,92844,屏東縣東港鎮朝安里新生一路71號,120.43855,22.46608
海巡署南部分署,鹽埔安檢所,93248,屏東縣新園鄉共和村新興路1號,120.4346,22.4714
海巡署南部分署,大鵬灣安檢所,92846,屏東縣東港鎮南平里南平路175-6號,120.47816,22.43341
海巡署南部分署,崎峰安檢所,92746,屏東縣林邊鄉崎峰村裕後路83之1號,120.49038,22.42684
海巡署南部分署,水利村漁港安檢所,92745,屏東縣林邊鄉水利村豐作路1之12號,120.51334,22.41881
海巡署南部分署,小琉球漁港安檢所,92941,屏東縣琉球鄉中福村1鄰三民路278號,120.38351,22.35355
海巡署南部分署,杉福漁港安檢所,92942,屏東縣琉球鄉杉福村10鄰復興路29之3號,120.36324,22.34149
海巡署南部分署,琉球新漁港安檢所,92942,屏東縣琉球鄉大福村仁愛路39號,120.37434,22.33585
海巡署南部分署,塭豐安檢所,93143,屏東縣佳冬鄉焰塭村北興路6-3號,120.51975,22.41592
海巡署南部分署,頂寮安檢所,93413,屏東縣佳冬鄉塭豐村南寮路501號,120.52603,22.40878
海巡署南部分署,下寮安檢所,94042,屏東縣枋寮鄉大庄村德聖路37號,120.55589,22.39264
海巡署南部分署,枋寮漁港安檢所,94044,屏東縣枋山鄉保生村保生路437-2號,120.59289,22.36403
海巡署南部分署,第二機動巡邏站(加祿堂),94145,屏東縣枋山鄉加祿村加祿路190-300號,120.6217,22.33657
海巡署南部分署,加祿堂安檢所,94145,屏東縣枋山鄉加祿村48號,120.61705,22.33622
海巡署南部分署,枋山安檢所,94150,屏東縣枋山鄉南和路17-1號,120.64227,22.30246
海巡署南部分署,楓港安檢所,94151,屏東縣枋山鄉善餘村下坪路37號,120.69044,22.18791
海巡署南部分署,第二機動巡邏站(社皆坑營區),94443,屏東縣車城鄉海口村尖山路37之5號,120.70538,22.1327
海巡署南部分署,海口漁港安檢所,94443,屏東縣車城鄉海口村海口路1號,120.71579,22.0898
海巡署南部分署,後灣漁港安檢所,94450,屏東縣車城鄉後灣村1鄰後灣路26號,120.69589,22.05835
海巡署南部分署,第一機動巡邏站(恆春),94641,屏東縣恆春鎮環城南路200號,120.74842,22.00043
海巡署南部分署,山海安檢所,94646,屏東縣恆春鎮山海里5鄰山海路11之5號,120.71413,22.10017
海巡署南部分署,紅柴坑安檢所,94645,屏東縣恆春鎮山海里13鄰紅柴路50號,120.7162,21.97175
海巡署南部分署,後壁湖安檢所,94645,屏東縣恆春鎮大光里後壁湖路96巷65號,120.74571,21.94612
海巡署南部分署,潭仔灣安檢所,94644,屏東縣恆春鎮墾丁里1鄰墾丁路638號,120.77809,21.95101
海巡署南部分署,香蕉灣安檢所,94644,屏東縣恆春鎮鵝鑾里4鄰船帆路253號,120.83139,21.92597
海巡署南部分署,鵝鑾鼻安檢所,94644,屏東縣恆春顉鵝鑾里1鄰鵝鑾路441號,120.84846,21.90582
海巡署南部分署,興海漁港安檢所,94742,屏東縣滿州鄉港口村13鄰興海路106號,120.8442,21.97556
海巡署南部分署,旭海漁港安檢所,94543,屏東縣牡丹鄉旭海村1鄰旭海路1-2號,120.89236,22.19923
海巡署東部分署,伽藍安檢所,95057,台東市富岡街299號,121.19271,22.79209
海巡署東部分署,三和安檢所,96343,台東縣太麻里鄉漁場83-2號,121.0373,22.67165
海巡署東部分署,美和安檢所,96343,台東縣太麻里鄉美和28之1號,121.06025,22.68259
海巡署東部分署,香蘭安檢所,96341,台東縣太麻里鄉新香蘭村12之2號,120.99049,22.57599
海巡署東部分署,大武安檢所,96541,台東縣大武鄉客庄66號,120.89541,22.33936
海巡署東部分署,綠島安檢所,95141,台東縣綠島鄉南寮村漁港路1之1號,121.47586,22.65858
海巡署東部分署,開元安檢所,95241,台東縣蘭嶼鄉椰油村296號,121.50916,22.05842
海巡署東部分署,新社安檢所,97791,花蓮縣豐濱鄉豐濱村17鄰小港1-1號,121.52836,23.60515
海巡署東部分署,石梯安檢所,97792,花蓮縣豐濱鄉石梯灣78號,121.50855,23.50081
海巡署東部分署,長濱安檢所,96241,台東縣長濱鄉長濱村181-2號,121.45775,23.31413
海巡署東部分署,小港安檢所,96141,台東縣成功鎮成廣43-2號,121.40202,23.16041
海巡署東部分署,新港安檢所,96143,台東縣成功鎮光復路1-3號,121.38069,23.09848
海巡署東部分署,金樽安檢所,95942,台東縣東河鄉金樽1號,121.29365,22.95574
海巡署東部分署,第一機動巡邏站(烏石鼻),96242,臺東縣長濱鄉膽曼村50號,121.41564,23.22595
海巡署東部分署,第二機動巡邏站(興昌),95942,臺東縣東河鄉興昌村10鄰56-1號,121.24696,22.89549
海巡署東部分署,第三機動巡邏站(三和),95042,臺東縣太麻里鄉三和村1鄰漁場路81號,121.03743,22.67169
海巡署東部分署,崇德安檢所,97253,花蓮縣秀林鄉崇德村21號,121.65732,24.16638
海巡署東部分署,和平安檢所,97291,花蓮縣秀林鄉和平280號,121.77004,24.30784
海巡署東部分署,七星潭安檢所,97149,花蓮縣新城鄉大漢村七星街22號,121.63099,24.0278
海巡署東部分署,花蓮漁港安檢所,97064,花蓮市民孝里港濱路41之1號,121.63824,23.99586
海巡署東部分署,花蓮商港安檢所,97041,花蓮市民孝里港口路27號,121.63503,23.99992
海巡署東部分署,鹽寮安檢所,97449,花蓮縣壽豐鄉鹽寮村橄樹腳46之1號,121.58606,23.831
海巡署東部分署,磯崎安檢所,97791,花蓮縣豐賓鄉磯崎村49之1號,121.54745,23.70818
海巡署東部分署,第一機動巡邏站(新社),97792,花蓮縣豐濱鄉豐濱村17鄰小港1之1號,121.31957,23.37757
海巡署東部分署,第二機動巡邏站(沙東),97151,花蓮縣新城鄉康樂村南三棧18鄰41之1號,121.61898,24.09242
海巡署金馬澎分署,福澳安檢所,209,連江縣南竿鄉福澳村453號,119.94416,26.16117
海巡署金馬澎分署,第一機動巡邏站(下腰山),209,連江縣南竿鄉清水村9鄰137號,119.93804,26.14839
海巡署金馬澎分署,白沙安檢所,210,連江縣北竿鄉白沙村72號,119.96874,26.20629
海巡署金馬澎分署,第二機動巡邏站(橋仔安檢所),210,連江縣北竿鄉橋仔村1號,119.99825,26.22485
海巡署金馬澎分署,青帆安檢所,211,連江縣莒光鄉青帆村31-1號,119.93714,25.96889
海巡署金馬澎分署,猛澳安檢所,211,連江縣莒光鄉大坪村91-1號,119.97755,25.9574
海巡署金馬澎分署,中柱安檢所,212,連江縣東引鄉樂華村160-3號,120.49467,26.36659
海巡署金馬澎分署,水頭商港安檢所,893,金門縣金城鎮西海路一段58號,118.2916,24.43709
海巡署金馬澎分署,復國墩安檢所,891,金門縣金湖鎮溪湖里復國墩,118.46683,24.44795
海巡署金馬澎分署,料羅商港安檢所,891,金門縣金湖鎮料羅港5號,118.4285,24.40851
海巡署金馬澎分署,新湖安檢所,891,金門縣金湖鎮新湖漁港,118.4101,24.43085
海巡署金馬澎分署,九宮安檢所,894,金門縣烈嶼鄉南塘1之27號,118.24215,24.42637
海巡署金馬澎分署,第一機動巡邏站(五龍山),890,金門縣金沙鎮官澳,118.41,24.51639
海巡署金馬澎分署,第二機動巡邏站(湖下),892,金門縣金寧鄉古寧村北山出海口,118.30473,24.48618
海巡署金馬澎分署,第三機動巡邏站(精誠),894,金門縣烈嶼鄉西口村湖井頭出海口,118.23049,24.44542
海巡署金馬澎分署,烏坵漁港安檢所,89641,金門縣烏坵鄉大坵村烏坵郵政91117號信箱,119.4512,24.99492
海巡署金馬澎分署,菜園安檢所,88054,澎湖縣馬公市菜園里45-1號,119.59476,23.55009
海巡署金馬澎分署,烏崁安檢所,88023,澎湖縣馬公市烏崁里65-5號,119.62349,23.55331
海巡署金馬澎分署,鎖港安檢所,88055,澎湖縣馬公市鎖管港291號,119.60151,23.54054
海巡署金馬澎分署,山水安檢所,880,澎湖縣馬公市山水里,119.59595,23.51323
海巡署金馬澎分署,蒔裡前安檢所,88059,澎湖縣馬公市蒔裡里1-5號,119.57277,23.53133
海巡署金馬澎分署,風櫃東安檢所,88058,澎湖縣馬公市風櫃里118-1號,119.55029,23.54393
海巡署金馬澎分署,尖山安檢所,88543,澎湖縣湖西鄉尖山村16之4號,119.66559,23.57025
海巡署金馬澎分署,龍門安檢所,88543,澎湖縣湖西鄉良文港119之39號,119.6768,23.55952
海巡署金馬澎分署,果葉安檢所,88543,澎湖縣湖西鄉果葉村91-6號,119.68059,23.5793
海巡署金馬澎分署,南北寮安檢所,88542,澎湖縣湖西鄉北寮村北寮50-9號,119.66919,23.59832
海巡署金馬澎分署,紅蘿安檢所,88541,澎湖縣湖西鄉紅羅村130號,119.637,23.6044
海巡署金馬澎分署,虎井安檢所,88057,澎湖縣馬公市虎井里76-5號,119.51762,23.49335
海巡署金馬澎分署,桶盤安檢所,88060,澎湖縣馬公市桶盤29-1號,119.51769,23.52208
海巡署金馬澎分署,潭門安檢所,88241,澎湖縣望安鄉東安村1號之6,119.50812,23.36589
海巡署金馬澎分署,將軍南安檢所,88842,澎湖縣望安鄉將軍澳165號,119.51937,23.36429
海巡署金馬澎分署,七美安檢所,88341,澎湖縣七美鄉南港村26-3號,119.41911,23.19631
海巡署金馬澎分署,東吉安檢所,88243,澎湖縣望安鄉東吉村,119.67212,23.27236
海巡署金馬澎分署,東嶼坪安檢所,88844,澎湖縣望安鄉東坪村47號,119.51255,23.25703
海巡署金馬澎分署,花嶼安檢所,88846,澎湖縣望安鄉花嶼村110號,119.30794,23.42233
海巡署金馬澎分署,沙港安檢所,88592,澎湖縣湖西鄉沙港村土地公前26號,119.63074,23.60608
海巡署金馬澎分署,赤崁安檢所,88442,澎湖縣白沙鄉赤崁村22鄰37之3號,119.60313,23.66854
海巡署金馬澎分署,岐頭安檢所,88442,澎湖縣白沙鄉岐頭村1鄰1之3號,119.61032,23.64947
海巡署金馬澎分署,吉貝安檢所,88446,澎湖縣白沙鄉吉貝村2鄰吉貝8之14號,119.61349,23.74132
海巡署金馬澎分署,鳥嶼安檢所,88443,澎湖縣白沙鄉鳥嶼村9鄰211號,119.657,23.66085
海巡署金馬澎分署,大倉安檢所,88445,澎湖縣白沙鄉大倉村1鄰1號,119.57083,23.62595
海巡署金馬澎分署,員貝安檢所,88444,澎湖縣白沙鄉員貝村6鄰22之3號,119.634,23.65157
海巡署金馬澎分署,內垵北安檢所,88142,澎湖縣西嶼鄉內垵村18鄰227之15號,119.50053,23.57587
海巡署金馬澎分署,大池安檢所,88141,澎湖縣西嶼鄉大池角8之6號,119.50517,23.61818
海巡署金馬澎分署,赤馬安檢所,88142,澎湖縣西嶼鄉緝馬灣146之10號,119.51174,23.5827
海巡署金馬澎分署,外垵安檢所,88143,澎湖縣西嶼鄉外垵村12鄰89之1號,119.48489,23.57014
海巡署金馬澎分署,小門安檢所,88141,澎湖縣西嶼鄉小門村23號,119.51869,23.65061
海巡署金馬澎分署,竹灣安檢所,88141,澎湖縣西嶼鄉竹篙灣村19鄰70之8號,119.52297,23.63143
海巡署金馬澎分署,通梁安檢所,88141,澎湖縣白沙鄉通樑村39-6號,119.55623,23.65864
海巡署金馬澎分署,內垵南安檢所,88142,澎湖縣西嶼鄉內垵村4鄰45之3號,119.50138,23.56772
海巡署金馬澎分署,馬公漁港安檢所,880,澎湖縣馬公市大案山202號,119.57357,23.56382
海巡署金馬澎分署,馬公商港安檢所,880,澎湖縣馬公市大案山202號,119.57326,23.5639
海巡署金馬澎分署,西衛安檢所,880,澎湖縣馬公市西衛里157-9號,119.5816,23.58873
海巡署金馬澎分署,第一機動巡邏站(講美),881,澎湖縣白沙鄉講美村141之2號,119.59579,23.63233
海巡署金馬澎分署,第二機動巡邏站(興仁),880,澎湖縣馬公市興仁里雙頭掛1之30號,119.61311,23.55475
海巡署金馬澎分署,第三機動巡邏站(鎖港),880,澎湖縣馬公市鎖港里291號,119.60548,23.52806
